gap_or_family,Daumas_support,required_human_detail,synthetic_risk_to_avoid,should_wait_for_more_evidence,priority,notes
GAP-004 consequence-as-cause,helps keep the human boundary before downstream severity,explicit unsafe-moment and consequence-quarantine separation,designing the consequence as if it were the active failure,YES,HIGH,do not materialize before governance checkpoint
GAP-002 agent_migration,helps preserve the direct actor while still recording context,clear actor and context separation,letting organizational or technical context replace the actor,YES,HIGH,Daumas is strong for actor-preservation patterns
GAP-001 PF_PM separation,helps specify role-sensitive monitoring and command boundaries,role attribution and shared-monitoring detail,collapsing both roles into generic crew behaviour,YES,HIGH,use only after author review of calibration lane
warning_callout_go_around,helps require cue callout and decision-transition detail,communication warning and decision-step detail,generic alarm stories without operational decision content,YES,MEDIUM_HIGH,use for detail calibration not event copying
automation_mode_awareness,helps state what the human needed to understand about the system,state-recognition and control-transition detail,technical-system dominance that erases the human lane,YES,MEDIUM_HIGH,important after Asiana and UPS warnings
technical_human_boundary,helps keep hidden defects or system states explanatory rather than substitutive,clear split between system state and human act,turning the technical condition into the whole causal answer,YES,MEDIUM_HIGH,use with strong technical-dominance guardrails
no_failure_A_A_boundary,helps show when a coherent action or objective should not be inflated into failure,explicit evidence for absence of failure mechanism,forcing a failure narrative because the scenario is vivid,YES,MEDIUM,needs governance before use
objective_goal_ambiguity,helps define what intent evidence must exist before stronger objective lanes are allowed,goal evidence and evidence-against notes,synthetics that imply intent without support,YES,MEDIUM_HIGH,good use for author-review training
perception_action_mismatch,helps show how a coherent action can emerge from a wrong perception,belief-to-action linkage and uncertainty detail,flattening the mismatch into generic bad action,YES,MEDIUM_HIGH,valuable for cognitive-depth design work
